tsne1,tsne2,tsne3,class
18.828741,165.93924,-118.88785,inside
152.22145,-69.1963,137.58772,drink
114.89462,202.73209,74.93015,food
-173.31252,35.161934,-170.67232,inside
3.1438067,222.47221,-99.589775,outside
39.10344,-27.244934,119.50937,food
61.647568,167.35838,101.2555,food
2.2236466,34.160343,-45.313152,menu
-130.22884,13.155743,162.05351,food
-21.095448,5.130892,145.72098,food
-11.510107,37.62061,128.11227,food
37.27554,104.39403,150.91737,food
-148.6298,181.48892,45.041214,outside
208.29637,-83.69845,70.98809,food
-163.39847,-89.58644,30.164345,outside
205.18765,39.643253,98.576935,food
-44.416466,151.62975,-65.3611,inside
63.892834,138.1115,131.07513,food
-98.22677,-214.99727,56.50077,drink
-181.91243,66.46087,-4.1800733,inside
-57.162727,-26.213074,-20.53808,outside
-94.431786,186.34111,-75.970665,inside
-57.848637,74.87205,85.07686,food
-21.326473,20.14012,55.28201,inside
27.79682,8.131313,231.842,food
-82.2473,-54.859043,-50.227062,outside
4.5789194,1.8043431,10.452422,food
150.01114,164.11981,99.36352,food
-73.13245,15.558961,-24.05628,inside
-120.31694,-30.252956,181.69662,inside
-87.175316,-99.1025,-77.244736,outside
143.76,170.73582,46.669395,food
-0.04050892,-141.87787,-147.76512,outside
89.53383,-57.197647,219.97935,food
18.146317,134.85887,45.02254,food
152.48361,-24.346373,-36.958885,menu
-102.256,171.68214,39.394627,inside
125.94551,-54.069866,-155.02873,inside
-81.459625,10.729116,19.338001,inside
-153.36523,-118.24302,-4.486166,inside
3.69847,-87.399796,-161.7292,outside
112.93922,186.17038,-109.69621,inside
-144.97487,30.208595,1.2567846,inside
61.795006,-20.712292,183.76443,food
31.918447,205.0945,5.2893376,food
-107.05815,205.07388,75.40681,food
-29.974442,69.976105,-95.21136,inside
176.88594,175.07452,-42.354767,inside
18.432074,32.23668,193.29892,food
-16.472277,1.887818,84.35967,food
240.34721,59.247566,12.527627,food
248.01256,-15.78235,2.9665372,food
-108.15602,101.7771,-62.020214,inside
-84.318146,-186.70023,-140.87523,outside
8.069774,-2.3793304,171.92293,food
14.549001,59.60678,231.65178,food
29.966833,-30.642143,159.9341,food
-114.75634,140.81723,-89.52756,inside
181.06111,-7.5925655,175.07681,food
-13.442732,184.38869,85.09151,food
-5.503257,115.84074,209.5447,food
-79.45208,72.22251,162.4411,food
160.56288,-81.51633,92.783226,drink
91.9018,114.23517,134.67897,food
-54.025677,101.59168,140.63014,food
164.68513,46.660114,83.677284,food
74.59834,52.080833,180.75986,food
-32.79449,-17.791283,15.519611,drink
6.517215,-55.400097,92.51911,drink
-200.30756,-52.826412,-126.61809,inside
-34.07818,58.402004,50.724598,food
-183.80753,153.57822,71.27316,inside
-176.93832,28.67105,-17.065342,inside
-97.12475,45.777313,-133.69374,inside
-18.622198,30.344757,222.67223,food
55.780098,184.91086,151.42036,food
-131.92444,139.49083,-48.779503,inside
-44.76948,40.407364,171.86664,food
-172.77992,82.47182,18.12456,inside
4.1926064,99.26896,125.65339,food
-104.643814,83.77829,79.085045,inside
175.18747,72.78818,128.36493,food
-29.360115,66.51799,-136.49101,inside
56.839287,85.26896,34.46819,food
40.36085,16.513731,167.89755,food
127.575714,204.64375,-48.93207,inside
-70.96994,115.378716,-51.208572,inside
-70.3456,-153.89822,-57.177425,inside
42.772263,76.26741,124.94647,food
189.90549,140.48521,67.31186,food
-129.95906,57.327667,148.44672,food
52.16435,205.74437,-120.27441,outside
77.41747,174.09206,57.1411,food
65.53904,157.48361,-1.7878271,food
-105.68415,-92.05784,-8.7281685,inside
-29.447334,117.02663,107.82281,food
124.604485,212.89357,15.908422,food
104.690674,176.55605,-12.471189,food
27.177107,88.03373,92.32008,food
144.11543,125.91363,66.044624,food
-74.573166,88.99248,48.867348,inside
-33.919865,238.90446,-60.391026,outside
151.39156,-118.21047,137.52522,drink
58.32162,129.59337,39.10623,food
-69.705246,158.10449,-180.58716,inside
-89.6924,3.6846845,82.11104,inside
-24.899843,-16.955847,56.47711,drink
-128.9668,44.44112,-103.43088,inside
110.21299,117.45969,99.737976,food
9.394502,159.51346,187.75221,food
-167.66777,134.12132,-88.08309,inside
18.69853,29.686108,146.20273,food
67.56756,-70.60098,173.10667,food
-140.97108,-30.971266,75.99569,inside
104.36609,168.48364,121.906746,food
40.362312,51.883244,161.9484,food
97.63153,130.16595,40.92145,food
113.892715,-158.53839,46.90086,drink
14.299906,58.536972,142.97844,food
116.70636,-151.24411,100.84712,drink
-98.082634,79.50835,121.76159,food
-146.40791,-51.699215,-63.57473,inside
-40.605785,99.25439,-161.3946,inside
175.74957,73.872,-38.56842,menu
-108.858055,87.91251,-96.8773,inside
97.90139,167.44029,-60.525375,inside
99.839676,24.076057,106.1618,food
-160.8275,37.99938,36.722374,inside
-41.689484,194.60857,-70.39903,inside
-44.575073,162.32596,123.902504,food
174.95294,-29.386713,127.704575,food
194.69038,107.674225,-76.30027,food
2.0918434,196.40657,-49.82203,outside
-129.03592,-25.76083,-83.56441,inside
213.14319,13.7637,22.053888,food
64.8132,98.789665,104.00926,food
52.670826,0.13892247,140.00453,food
3.523536,176.51472,33.68213,food
-214.1927,-62.29986,94.88383,inside
-60.05765,236.63774,57.469727,food
88.56575,-78.83095,-48.675842,menu
-25.497164,128.85786,-198.86832,outside
1.637196,100.06633,169.16504,food
-73.86492,31.432922,232.18153,food
-73.970604,128.77922,-91.68183,inside
213.30956,59.11111,54.66255,food
130.94315,46.18845,123.75752,food
-98.35603,-43.77252,-14.92673,inside
176.35442,40.351334,36.411255,food
89.00945,-11.816576,121.295944,food
-33.373558,165.09354,12.33648,food
65.07473,-12.368775,94.02279,food
23.66701,-73.72803,175.59683,food
-132.83694,-68.08113,-192.57846,outside
-176.04753,-133.32082,60.864014,drink
-13.497081,200.26662,-4.3450456,food
-173.00789,35.498756,-75.816956,inside
77.79105,31.390379,139.555,food
39.797256,104.624794,223.90811,food
-51.289894,100.73512,-15.185103,inside
-17.655416,68.64408,-181.94292,outside
-50.14811,190.05113,161.39465,food
-88.043526,190.95903,124.42751,food
-53.615883,143.06451,-24.556988,inside
81.53358,-199.02863,-80.646645,inside
-119.28744,104.825874,158.8469,food
-1.779851,152.57748,110.33035,food
132.37494,21.88903,176.09608,food
-60.1209,156.01584,47.676075,food
-138.90332,164.98277,93.95848,food
137.94904,-26.811361,161.82103,food
-33.187252,113.48872,-77.94881,inside
29.672935,156.06973,77.58461,food
-41.088615,92.118965,236.69765,food
78.907295,208.03833,-75.965706,food
164.78911,-95.83917,49.472664,drink
-32.207367,-95.40806,131.59119,drink
148.34122,159.95743,-81.94004,food
-88.35704,140.23016,182.86046,food
-21.721586,-160.57915,48.21936,drink
-175.0875,36.98844,141.56468,inside
14.611249,105.45791,-178.46417,inside
7.2334714,19.069603,104.826904,food
-67.10491,-102.380196,-149.62933,outside
56.658894,-78.85088,35.428265,drink
138.22104,137.31973,148.06863,food
68.66593,94.06972,175.72491,food
-177.7373,121.540634,38.416313,inside
50.158085,186.18745,-36.78308,food
-60.435707,189.29323,77.77519,food
84.61871,78.42972,227.43808,food
-11.595537,20.063057,-172.05695,outside
-103.17345,223.81862,21.072485,inside
-123.55283,96.10492,41.14464,inside
73.360565,-160.8527,30.925539,drink
3.261636,-107.8228,-7.8438883,drink
-57.55198,35.699337,-0.7899388,inside
12.629828,-121.226616,100.158226,drink
-145.25537,-62.42171,-4.509775,inside
56.831913,53.082195,108.492905,food
72.146416,229.4776,52.148712,food
44.360386,167.46574,31.60037,food
-109.97822,-138.15453,-75.50071,inside
-227.19579,19.815454,-5.391167,outside
58.063038,-60.52109,134.33844,food
84.686516,9.99801,173.68402,food
-49.47898,142.2616,86.51999,food
40.58799,103.38837,63.207855,food
-152.11232,105.23106,75.193504,inside
-26.775412,8.97019,188.06403,food
56.861496,35.415478,210.27734,food
-173.17711,-2.6023405,170.5176,inside
10.202221,-77.41056,-111.85971,outside
-1.1050868,-47.677155,-163.01357,outside
155.92766,-130.36461,-133.98679,outside
80.93917,222.69397,-26.022764,food
-201.81596,-4.054819,-148.72499,inside
-119.24294,-79.89693,193.82283,drink
-33.687843,-210.2956,-33.66836,drink
213.8932,-5.3820553,116.73859,food
51.558033,-113.06141,52.50984,drink
-100.43405,116.42367,-169.12039,inside
-80.6588,-175.9741,119.87239,drink
37.493397,232.19872,-61.076702,inside
-28.1139,-36.486504,89.46476,food
216.15025,-30.185652,40.498016,drink
201.13332,145.14464,0.069047615,food
-1.3969567,34.6665,162.09654,food
33.18507,200.5454,59.462242,food
147.95961,12.47766,51.401695,food
8.912931,236.88591,77.00874,food
-8.4108715,245.07608,24.851324,inside
180.23709,5.6711683,-76.75214,inside
182.23462,82.27311,16.609241,food
-40.83671,5.8956447,110.142746,food
-80.83195,135.62103,136.17546,food
121.21341,6.5609975,137.89139,food
24.016945,196.31639,108.12162,food
-4.712691,-74.722145,229.87062,food
205.72125,92.79334,93.32594,food
117.78204,-103.05112,109.31004,food
92.42486,-117.25186,-194.23666,inside
-48.157173,103.05797,183.8732,food
-1.4354528,186.73418,145.29716,food
-18.702505,151.58653,60.31967,food
-62.78188,42.19246,-44.965115,inside
110.40733,-140.54636,-149.58408,inside
168.04901,87.050644,61.2352,food
-135.33351,56.445442,196.4642,food
151.49863,96.86587,-10.923475,menu
-162.21324,-4.747558,-75.86086,inside
-231.25221,-76.25468,-13.794897,inside
15.822764,13.777354,67.14013,food
71.13887,127.810165,78.429695,food
-62.109325,1.3254839,51.956444,food
217.80415,106.817566,37.68506,food
77.19447,-5.396897,224.41853,food
0.5386535,154.3645,-72.31314,inside
-33.43224,217.62003,111.20914,food
35.066753,181.29533,-79.02102,inside
-57.463192,36.0413,36.562904,inside
-151.84245,-26.534803,135.625,drink
108.88155,153.06493,75.1431,food
-153.51631,-115.66055,-123.0966,outside
66.382416,72.16778,148.71634,food
-77.36228,-2.0720174,118.63329,food
-196.08682,11.097256,3.4381254,inside
-4.8065133,64.66789,190.87138,food
84.42798,-31.664305,153.27782,food
133.92967,147.99905,-37.15342,food
-53.823997,25.46274,139.05415,food
208.7817,43.488377,148.61714,food
13.274741,55.982395,103.31084,food
-83.72445,123.77672,57.53724,inside
37.658424,30.946226,128.0333,food
-68.28154,-55.517765,-2.1746473,inside
-39.52289,106.044,64.79865,food
9.466196,-19.135311,96.579285,food
-40.405483,-205.31943,-121.54742,outside
-122.18431,-129.87978,-36.282974,drink
-92.11498,-98.79579,-199.74753,outside
-11.381305,82.33581,85.03049,food
-215.00494,103.14758,68.873184,inside
157.29855,-73.03043,185.05875,food
-60.732327,59.164223,124.1223,food
-41.20426,35.641293,79.64297,food
-48.56649,-116.72972,-9.378866,drink
43.428146,-66.37536,218.94196,food
43.025856,14.584982,96.238914,food
-73.78576,-213.35371,10.79528,drink
32.047405,131.92073,-91.97288,inside
110.11832,37.999786,213.83833,food
32.58025,124.89194,108.055664,food
-28.02956,44.23506,91.246216,food
79.05737,196.89474,17.289892,food
131.8842,86.20312,139.22736,food
-83.073,54.62036,55.486504,inside
-70.78146,213.44446,-114.21254,inside
110.23288,79.422966,-84.069176,inside
90.34329,52.82238,107.8034,food
-136.38547,102.96658,-6.8920937,inside
94.57529,-195.94492,10.693536,drink
9.199801,-29.301464,253.4591,food
163.14972,-115.584465,6.940034,drink
-35.12844,-39.26879,-182.55745,outside
37.703384,-133.1904,-67.63956,outside
-18.20484,129.8117,146.15375,food
-99.54863,-51.674202,54.75506,inside
131.55147,92.42296,177.95447,food
-127.297005,154.11615,142.96362,food
-43.288887,-188.52434,135.22787,drink
-166.39847,125.553604,-21.012724,inside
-235.15834,-41.827854,53.462807,inside
-24.041298,206.25203,46.27381,food
-21.008053,185.92654,-110.56503,inside
188.33894,-39.60057,82.60282,food
-22.195154,-25.262552,125.83437,food
-114.57092,-4.3612776,126.575,drink
119.21034,-178.27544,-118.18771,drink
-72.94361,108.61721,100.632576,food
-172.35258,124.376854,115.36656,inside
-27.531162,76.04044,117.26384,food
28.9273,-31.65082,206.0742,food
2.035219,140.99951,7.150608,outside
-23.376137,71.86778,155.03241,food
-180.28502,57.149757,-120.22841,outside
-145.91698,-1.345153,-39.041004,inside
-0.46447465,-167.64989,167.68489,drink
153.50294,171.43884,2.3824759,food
-23.466408,-71.293724,187.2572,food
-85.373245,77.88461,-162.57549,inside
2.0000212,-42.642536,58.113964,menu
-153.73059,-110.63328,156.53732,drink
-184.67755,-52.88463,-40.29223,inside
25.072433,146.89844,145.1313,food
-182.46196,-69.774445,133.97137,food
161.29936,58.24187,177.60898,food
36.65738,76.19686,189.98317,food
51.028896,136.27957,185.07475,food
-53.793354,129.97853,16.371675,inside
-78.90245,-20.32927,221.08923,food
125.80932,-15.322052,208.06406,food
-42.792995,104.0798,-118.37869,inside
48.28799,247.19005,7.8986063,food
-129.44191,4.1493216,-106.61537,inside
-98.962654,119.689285,-17.926083,inside
163.47069,116.857605,112.15589,food
236.31297,-26.115011,-51.0272,inside
-144.70274,201.2001,-2.67594,inside
-36.254356,-7.647039,242.19943,food
105.03394,50.76014,162.37242,food
-123.29939,72.37322,-30.185295,inside
-212.35562,89.43609,-90.01222,inside
-241.67354,-27.902838,2.4118102,inside
-90.2007,34.51573,185.50208,food
-127.69494,55.546265,-68.64414,inside
-65.94192,-153.1002,170.11525,drink
-38.134323,147.22,181.98363,food
-51.509876,62.178272,205.35701,food
-13.12789,-27.404318,208.22305,food
-146.26317,-40.44962,28.966312,inside
69.84447,214.49786,103.86985,food
188.14214,-80.22721,-128.89867,inside
-200.30745,-3.8735907,32.585743,inside
-52.52771,187.60397,-27.544996,inside
-101.26182,40.995354,4.742022,inside
17.149157,-84.10288,68.85349,drink
166.36588,22.274097,136.27118,food
-101.96126,-38.64881,140.48082,food
-180.1026,162.55391,5.279355,inside
-219.46326,34.392128,-96.12117,inside
-159.72363,-6.037077,5.164541,inside
-96.23091,90.4719,204.2712,food
1.9051882,119.389275,79.837135,food
-202.47165,-122.41464,14.02635,outside
-164.64482,-53.471188,181.68892,food
-14.601786,159.90721,-31.975266,inside
-97.18363,-31.102156,22.703196,inside
239.8619,26.04978,-28.816813,outside
-158.30197,-182.89104,-36.616623,drink
136.41946,78.596146,100.38984,food
95.36902,150.05699,172.46701,food
14.63041,1.3462174,134.38402,food
-131.33827,75.281876,-138.47058,inside
62.921463,-128.41426,-145.93613,outside
-57.395782,-70.406166,-99.601585,outside
-104.44643,-15.619236,54.0054,inside
-20.675285,-126.75803,169.58472,drink
-133.06218,-69.09087,56.62349,inside
-129.98093,14.353503,-67.28023,inside
71.86744,-174.73549,-138.75687,outside
5.2824793,-12.100589,-188.24493,outside
163.52531,50.932125,-129.33434,outside
-153.70691,-2.9420192,43.230415,inside
-41.614838,90.83405,26.100794,inside
17.668848,-181.94937,87.7327,drink
-110.922386,-65.03932,15.08494,inside
-136.96115,-82.679665,-41.400627,inside
215.12547,-83.019775,-86.09249,inside
-206.94109,112.154945,0.8217301,inside
-186.35281,13.266386,57.71627,inside
-19.562237,8.589165,-252.98601,outside
-131.5679,125.85068,-131.60048,inside
-149.38345,92.25508,-101.45082,inside
-191.64677,-27.272171,-5.4199805,outside
45.87634,142.24109,-189.36989,inside
-8.231551,-187.56256,60.045315,drink
-24.517202,-107.25803,-125.82773,outside
20.67106,-89.02442,111.07691,drink
-58.931538,-17.152548,81.5852,drink
1.9539716,104.035774,-97.80547,inside
-88.96183,72.213005,-121.3658,inside
2.374352,119.290344,-137.21817,inside
7.4301753,83.117226,-139.47882,inside
5.973862,-188.95801,23.427574,drink
-103.370125,-35.746265,95.01143,drink
-180.76347,103.940605,-137.06596,inside
-87.60954,-11.048703,-11.587217,inside
170.22418,129.478,-112.763435,inside
-85.80458,-66.97545,-171.09496,outside
72.21668,-111.64638,148.11253,drink
23.323515,165.93098,-12.563257,inside
-108.20274,80.73175,6.463136,inside
-166.33296,35.04423,88.10613,inside
-53.29986,233.6151,-9.259427,outside
-144.10876,185.3083,-49.709084,inside
-186.81699,96.91092,-47.809593,inside
-231.30421,72.51638,21.638475,inside
-82.70354,78.85514,-28.000362,inside
-168.97624,89.25203,151.65881,inside
-181.38928,-32.335007,55.824238,inside
-90.24964,62.099297,-63.81755,inside
-12.760809,152.09023,-160.01219,inside
-172.41275,-74.75353,72.63948,inside
-178.30936,72.25677,60.79942,inside
-60.214634,-139.18408,-198.37915,outside
150.324,99.700096,-154.22919,inside
-146.6104,-34.622623,-29.196442,inside
165.82994,-154.13545,40.628975,drink
-12.523007,-6.0597563,-54.129684,inside
-12.063826,-150.88632,86.153694,drink
4.394725,239.74771,-24.304895,outside
97.14883,3.5304344,-231.97252,outside
-198.43135,-56.01703,27.11665,inside
-126.84838,-21.474192,0.98017114,inside
-58.002865,37.794086,-113.598434,inside
-124.72986,-103.92877,26.80657,inside
-57.12858,-81.33544,-232.38443,outside
25.944912,-126.27838,159.5353,drink
25.4481,-109.13987,-134.70036,outside
-163.10884,74.389435,-79.036095,inside
82.44743,169.83922,-154.90344,inside
-141.46474,-65.057884,-107.08646,outside
128.68622,-31.222443,117.70564,drink
-212.52744,51.802044,-44.514133,inside
111.810905,-58.12994,180.2261,drink
-124.266205,56.633625,31.89653,inside
75.90428,-142.18652,-103.57958,drink
-72.56681,-123.376595,27.995205,drink
-102.52617,164.9771,-137.7013,inside
-138.05554,133.40099,20.189804,inside
-13.124705,-16.378857,-200.66397,outside
-251.15242,20.604414,-51.546642,inside
-101.601616,25.846003,49.811703,outside
81.63428,-154.19308,119.05661,drink
116.2689,-60.885826,102.80106,drink
-48.789593,-185.2887,84.43074,drink
-153.92896,61.911423,-9.636479,inside
-109.3888,-23.278208,-44.100807,inside
-98.99411,33.726917,-93.11939,inside
-40.029102,-122.48844,92.9023,drink
-91.49807,228.44809,-52.8042,inside
-49.24134,-59.179024,-30.925692,inside
-92.14954,153.94344,91.645355,inside
-198.2994,41.42645,16.359758,inside
-183.9272,-80.41161,-2.8671875,outside
-145.80226,91.87736,-180.52245,inside
-193.22084,150.77448,-50.168877,inside
-96.037094,33.230064,137.1687,drink
-116.6449,10.305476,-17.346975,inside
54.329945,-116.2752,109.286026,drink
-99.722496,39.88296,-31.131973,inside
-143.9446,39.18033,-37.728203,inside
-6.4845276,-92.58431,149.73882,drink
-120.74905,7.4711723,22.920555,inside
-44.611774,-37.68667,41.461407,drink
-126.92215,-168.56851,-10.654559,drink
0.16866057,-154.51303,-195.11119,outside
-67.99157,85.114075,-87.39766,inside
60.511135,91.77776,-162.1392,outside
-21.808035,142.09842,-108.6896,inside
7.207578,-37.517185,-124.75069,outside
-22.785084,-158.13924,-112.0006,outside
-178.10161,-166.09723,17.428535,inside
-176.31866,8.738946,-113.864075,inside
-216.97865,2.5640073,91.82376,inside
-55.70128,-144.96332,59.715305,drink
-181.04195,-41.139706,-86.413,outside
-18.328894,-57.064102,-94.80338,outside
-140.27339,179.15938,-102.167656,inside
205.17596,-126.58638,46.802193,drink
-38.322987,-75.91564,8.059012,drink
49.65382,-191.33069,118.634285,drink
-66.220215,25.93096,-228.46764,outside
108.76922,65.43383,-203.14754,outside
-221.71309,-23.319746,-43.44428,outside
-4.1007357,-70.4788,-204.07866,outside
-49.96192,-140.9359,136.12361,drink
-221.1969,91.347,-26.17976,inside
-55.24225,-32.69007,179.36899,drink
-63.80799,195.8345,22.687777,inside
-54.721012,-143.21489,-128.48474,outside
30.267017,-116.34084,-183.24702,outside
-68.56042,-29.887054,-56.713524,outside
-109.11472,-221.6822,-21.839027,drink
37.055687,-208.8393,-25.666279,drink
108.2013,122.92898,-65.59233,outside
-21.802326,-107.74516,17.205666,drink
-125.14088,158.80705,-8.938802,inside
-170.4529,53.794014,-44.594948,inside
169.16394,-118.60158,-90.48081,inside
-129.37236,10.139157,69.46497,inside
-75.55076,36.087364,92.591736,inside
56.705715,-158.09656,-184.66951,outside
16.44673,-90.70606,24.085157,drink
51.86661,-213.48325,-119.28532,inside
-160.76915,-128.46582,-49.86133,inside
31.09807,135.60344,-39.3359,outside
-95.374954,15.749601,-53.88523,inside
-94.4381,105.48001,-123.11845,inside
-69.32009,-85.77793,-29.814325,outside
-57.791317,69.50175,-133.52121,inside
-121.986755,136.16872,56.4656,inside
-64.106575,166.9754,-107.00033,outside
-214.21834,-96.074486,53.00159,inside
46.233276,139.6947,-142.94608,inside
-119.78182,118.00914,106.87665,inside
-140.30115,-61.126255,104.76769,inside
8.662171,-52.38299,135.0296,drink
-145.85214,-148.39157,107.15504,drink
-101.07485,-87.97499,-44.577255,inside
-194.26129,-128.74925,-92.479836,outside
65.84028,-115.03217,198.10265,drink
-3.7450612,84.86649,48.793533,inside
-66.97231,-60.5441,32.509815,drink
-140.10796,98.287766,-56.973267,inside
-74.072556,15.257281,-147.7378,outside
-135.9303,55.8534,68.38554,inside
-178.22134,-28.476923,98.61464,inside
-36.173256,28.233255,-142.57945,outside
-27.167929,17.137312,-76.5728,outside
-153.1354,-160.56517,-86.3975,outside
-199.26158,9.304817,-47.16463,outside
90.62422,-60.93844,49.49586,drink
-220.46422,47.074543,64.317184,outside
51.62895,-71.54438,-110.21325,outside
69.61448,-92.27607,-119.00391,outside
-137.07317,-202.74263,23.9737,drink
29.492153,101.90546,-60.35859,menu
-67.93977,-61.156433,-133.8258,outside
-92.18255,-88.88176,45.769943,drink
-62.445232,-107.06292,-105.77189,outside
131.49715,-161.32774,4.6408553,drink
-42.84166,-22.921576,-221.00586,outside
-81.37233,-73.464615,133.86162,drink
62.12784,-44.3173,-240.00996,outside
-62.72725,-16.74599,158.04749,drink
-32.587082,-63.761604,63.543755,drink
73.0481,158.30963,-105.81761,outside
122.22859,-160.6517,-39.534157,drink
-33.982796,-184.44696,10.797612,drink
-41.10843,77.15674,-225.40329,outside
34.01245,-167.60374,1.8947889,drink
141.04173,-67.585434,29.619957,drink
75.577225,-122.0904,20.746983,drink
79.50836,28.364069,75.23924,menu
32.913876,-97.52926,132.80545,drink
-8.480224,-227.734,88.889725,drink
239.41737,14.387745,65.42358,drink
-186.51428,-10.468154,-33.030052,outside
-88.40745,16.940239,-185.60007,outside
75.211235,-63.327946,104.26097,drink
125.47081,-47.69523,-205.01373,outside
32.955437,26.83098,-205.06032,outside
-145.47958,75.11004,109.74359,outside
94.86077,-193.91306,110.57431,drink
-104.93956,-131.50995,1.6647292,drink
139.74915,-124.78706,71.88457,drink
-113.73833,42.254227,98.10965,drink
-71.35933,-22.210608,-138.41017,outside
119.26217,128.84608,-106.02424,outside
18.253094,-186.5936,-154.10083,outside
-20.770435,-94.16118,-85.15668,outside
-54.623615,46.612392,-79.47134,outside
-46.666843,-40.172665,-159.22975,outside
25.079834,185.18727,-163.54445,outside
100.25047,118.7791,-187.72612,outside
-120.382866,-55.31282,-144.84367,outside
-58.82009,137.3489,-140.8772,outside
-133.04466,16.56573,-209.31711,outside
-101.2468,-127.00544,-116.19436,outside
-176.50577,-86.2152,-90.2501,outside
-65.13994,-21.534729,16.358768,outside
-128.96571,-98.578835,-82.47891,outside
26.171825,-151.38872,118.233795,drink
35.42621,-232.36406,-73.29636,outside
-24.340353,-232.71136,-77.9963,outside
-96.9239,-50.6076,-103.003006,outside
2.8590915,-12.586555,39.297615,drink
146.89093,-41.556503,77.07594,drink
49.693825,-180.65063,60.426083,drink
6.3626227,-195.7813,-61.439617,drink
-99.62532,-28.302055,-178.76045,outside
-45.284283,-55.340046,148.56854,drink
-205.58543,-13.909633,135.06758,outside
-35.18115,194.111,-155.78204,outside
38.43084,-105.30288,-94.94337,outside
47.10026,-96.16311,3.0475578,drink
-58.318302,-68.62513,225.24821,drink
4.063066,-244.18103,-26.537678,drink
131.56895,148.44058,-149.97668,outside
-36.284386,-159.46619,-26.115705,drink
-72.122536,64.500786,14.752239,drink
26.175938,-157.94186,45.307224,drink
-117.57292,-156.0532,147.42326,drink
143.97565,-96.61789,-176.05392,outside
58.058113,-162.10161,166.84589,drink
-96.96704,66.65413,-211.71422,outside
39.497147,-164.84435,-40.52912,drink
179.73917,-130.95654,96.80995,drink
104.502594,16.391111,-185.95952,outside
69.56207,-149.84286,-11.464273,drink
90.68917,119.81036,-138.82425,outside
-77.22595,1.2293909,-108.82618,outside
106.51017,-78.886826,140.1033,drink
24.432545,-3.7813811,-104.6866,outside
51.325104,-24.812553,-128.53035,outside
-28.717554,-164.77974,104.78507,drink
43.67468,-198.70628,18.400423,drink
-67.52501,-100.52401,70.66548,drink
-21.510752,-18.581053,-157.0771,outside
-14.237933,31.621864,-106.89477,outside
-31.745323,-124.87941,-44.694084,outside
-140.01129,-176.83566,70.33337,drink
35.189247,-62.200096,-145.22966,outside
-181.08789,-110.9477,104.32706,drink
67.563774,-239.41202,16.680101,drink
81.4703,-186.63905,-31.074251,drink
-76.83619,-5.448524,172.93037,drink
82.875565,-69.43836,-203.55653,outside
-31.449137,-31.65476,-120.85815,outside
98.951515,-90.673355,26.315035,drink
62.344883,-86.619255,-166.67644,outside
146.74844,-180.30437,82.04995,drink
142.29076,-202.372,32.964237,drink
-154.36194,-27.926903,-130.3631,outside
-67.371735,-10.821756,-183.4182,outside
-23.84985,-91.33032,-25.187654,drink
-2.1632586,-153.08421,-65.8929,drink
16.62234,-114.70024,204.1634,drink
47.407307,-225.96803,73.20486,drink
-99.63715,-78.653885,90.59076,drink
-50.255875,-153.02164,99.61869,drink
-68.077934,-52.26298,71.807304,drink
-224.977,-65.96761,-74.87835,outside
62.98617,-68.370804,80.631836,drink
-4.1082726,-123.779236,121.340294,drink
8.084072,40.240303,-137.69392,outside
-35.166126,0.9174578,-191.85408,outside
71.27859,48.954487,-177.19196,outside
121.157814,-81.70588,65.56675,drink
-102.041176,-21.163631,-123.68102,outside
-84.659256,-113.82704,201.50641,drink
-100.78705,-132.15213,54.508972,drink
60.633305,-9.821884,-203.29103,outside
103.65458,-93.23954,-148.27252,outside
-33.448776,-5.5736704,-113.224846,outside
-100.05723,-112.2692,152.18915,drink
-213.40964,-13.665809,-87.90887,outside
-56.95541,-97.9274,165.71852,drink
-93.11301,-170.03871,79.11849,drink
127.81788,-199.54265,-71.17306,drink
32.317635,19.443563,-163.87462,outside
82.80259,-53.245785,-137.95134,outside
-72.9516,-214.58456,-71.052986,outside
223.17809,-73.68946,-34.381786,drink
38.84923,-23.275934,-164.97664,outside
67.55412,50.716385,-230.78268,outside
-135.17499,-109.396416,70.86025,drink
-73.44354,-91.465256,8.170497,drink
-13.146258,-68.530815,34.69029,drink
38.983437,-140.24515,76.396866,drink
-197.47534,66.63359,107.991776,outside
13.748969,117.37644,-226.97147,outside
48.308826,-67.65087,103.20787,drink
-122.28121,46.734962,-174.68066,outside
-10.503092,-55.960934,-246.64389,outside
82.93797,-154.15219,-62.813007,drink
-64.893654,-40.091637,114.80216,drink
-128.33395,-71.19732,147.46361,drink
126.6775,-119.4443,29.79547,drink
88.27886,-32.81963,-174.77751,outside
30.933907,-151.32166,-115.99926,outside
200.32724,-75.49387,124.83793,drink
-96.49266,194.185,-19.703611,outside
25.922274,60.26063,-173.74626,outside
173.6449,5.18455,3.271522,menu
-100.73104,-130.26344,96.8511,drink
35.742504,-57.961067,-190.60777,outside
125.61033,-29.471174,46.637638,drink
-1.1509043,1.1393304,-131.28691,outside
93.70232,-203.63072,59.80822,drink
-143.73682,31.699331,-134.66869,outside
-126.914185,-157.85371,-128.4279,outside
237.13457,-70.7072,16.48853,drink
173.43887,-47.73063,-169.3918,outside
108.86116,77.01181,-154.98262,outside
-26.289934,-67.98149,-132.62225,outside
46.303947,19.819601,-127.62565,menu
-37.51894,-173.78717,-161.80971,outside
19.11512,-25.437763,-226.74367,outside
-89.057785,154.70192,-47.007317,outside
170.15942,-27.937075,40.197594,drink
-101.83903,-169.91191,26.129147,drink
91.84675,90.12225,39.612377,menu
-149.43518,-20.262407,-177.24364,outside
236.86772,-41.49666,84.071045,drink
-0.5312391,-182.48302,-20.43244,drink
78.82192,-87.58016,91.3384,drink
-61.537464,-52.49388,-196.53433,outside
-79.826584,-124.14911,-34.6413,drink
-52.69317,-75.48405,98.55592,drink
-84.46584,153.94693,4.2671084,drink
-22.684273,-67.8342,116.24849,drink
82.89559,-153.34636,81.42207,drink
203.3069,-128.56128,-49.127617,outside
-139.3776,-145.39679,33.300762,drink
37.425182,7.7874227,27.782055,menu
146.8692,-0.24538298,-200.80919,outside
78.08825,-233.9147,-37.057583,drink
-16.803856,-91.19987,81.5094,drink
188.9471,-67.99474,27.020357,drink
65.25542,-86.14485,114.287865,drink
-70.72698,107.52822,-199.19357,outside
-129.75264,-101.83505,114.43639,drink
-33.818947,-121.79306,214.14589,drink
-30.244268,-235.92334,6.396656,drink
-36.14166,-73.8997,-174.91516,outside
112.54342,-110.17607,177.50996,drink
1.3731669,-141.60397,-25.751402,drink
5.7708874,-33.66755,-4.2324986,menu
56.83685,-39.598873,39.708862,menu
5.102739,-195.15895,-107.615326,outside
-43.212387,-133.99677,-82.58177,outside
-199.08812,-144.55391,-29.986118,outside
125.48647,-144.53992,-84.071014,drink
-110.300415,-178.027,-52.530193,outside
-71.98926,-154.92676,-4.687974,drink
-165.91914,-77.45319,-152.5155,outside
-82.95272,-18.132788,-224.23378,outside
-247.85075,10.945384,42.015594,outside
-46.921856,-91.27369,40.428204,drink
-124.69139,4.9360104,213.52829,drink
209.99287,-112.79586,-1.0276135,drink
-53.504436,-61.125076,-67.36639,outside
-96.56422,-138.62166,-164.25354,outside
91.295555,-116.295944,60.91909,drink
99.132225,-121.639175,108.59016,drink
-78.638885,-57.57364,181.7517,drink
-72.18453,-108.87744,115.60373,drink
-34.801254,-25.467667,-80.94438,outside
189.4349,5.3413677,66.106155,drink
52.120667,-90.85256,89.93202,drink
-51.638794,-98.52345,-61.213673,outside
6.0181446,61.468464,-102.51656,outside
115.9961,-34.56173,-25.262894,menu
11.07906,-231.44221,33.15672,drink
42.997513,-175.55264,-82.78404,drink
-107.394936,-60.05863,-70.55072,outside
1.9020553,-124.177635,-96.457184,outside
119.617,-155.73471,153.77782,drink
-118.42266,-202.12196,-93.36597,outside
-78.779144,-167.04343,-97.44717,outside
-55.481396,43.621384,-175.61006,outside
-73.13316,-188.12225,-28.432632,drink
38.845917,44.648746,71.48877,menu
-41.99023,-220.64058,51.87651,drink
-19.480291,-38.918015,165.73505,drink
114.8612,111.91687,-21.274635,menu
-118.47905,-104.47083,-155.50331,outside
-64.7113,-178.11815,42.151234,drink
-37.583233,-179.36147,-72.349945,outside
-22.84731,-117.44789,54.3885,drink
58.802628,93.51387,-207.95201,outside
-66.11917,-30.451256,-98.01126,outside
-30.727148,-118.054214,-170.10637,outside
-2.5197875,-143.86314,14.707776,drink
-181.68564,-91.31656,-45.04246,outside
-17.358019,34.550434,-214.14087,outside
-93.80747,-14.071917,-76.442474,outside
-69.54068,-222.81166,101.06772,drink
177.95686,-162.05644,-11.243002,drink
58.695477,-6.0927615,13.10198,menu
14.07442,68.00986,-222.71512,outside
3.9543867,-199.81403,132.44907,drink
-99.87887,-85.25789,-117.742874,outside
6.595684,113.143036,-16.165337,menu
34.529175,15.06418,-250.96295,outside
133.43419,-206.41423,-20.430454,drink
157.61763,2.4401696,97.96436,outside
-62.45857,7.463098,-78.54448,outside
167.72028,-164.4438,-65.82443,drink
157.81302,56.296772,-183.02574,outside
-115.1591,2.1149673,-148.60257,outside
-40.94089,-144.45967,22.162403,drink
39.398403,-95.04553,-224.80539,outside
-15.721797,-112.206894,-217.8978,outside
-48.93157,-0.6205176,-141.78432,outside
-1.6947345,-19.423256,-92.791954,outside
122.01884,-41.03599,-111.7938,menu
120.46891,1.3261771,83.581116,menu
173.982,56.39745,-81.60998,menu
17.862947,-79.07093,-72.759705,menu
134.8132,13.659585,-18.800764,menu
67.44129,49.215717,-95.218185,menu
7.1904244,-54.424675,-30.088688,menu
-46.488445,84.931046,-54.240322,menu
-15.608169,-23.587673,-9.523264,menu
30.672623,19.399786,-6.143267,menu
100.17754,32.246452,-61.8241,menu
87.20066,74.95097,76.55615,menu
144.24461,95.33723,-61.04622,menu
-26.761934,-33.00493,-41.730835,menu
36.88907,125.66357,1.5558519,menu
86.96807,-25.696812,28.861319,menu
10.938188,18.038664,-73.54411,menu
106.70265,-129.9633,-8.608089,menu
34.256493,-129.36316,15.3815565,menu
187.3898,-41.46973,-54.45165,menu
54.750492,66.45174,68.23545,menu
70.656624,-120.26774,-40.732735,menu
60.90684,40.872425,-63.958824,menu
136.16486,37.31645,-80.17755,menu
110.81518,-110.16039,-105.10791,menu
2.630711,-46.75131,-66.80526,menu
166.11484,29.953814,-43.191364,menu
106.3348,-2.989485,2.5182555,menu
130.13876,52.115803,-38.779007,menu
-25.694979,51.183144,-53.046394,menu
71.805916,76.07966,-68.83702,menu
-5.2507787,86.59243,9.005867,menu
176.04521,-87.29455,-55.990314,menu
64.13358,-61.106293,-73.61493,menu
65.67805,-42.286945,-39.906483,menu
122.52173,69.59507,-1.8786838,menu
88.4277,-18.757845,66.36063,menu
-30.256218,57.42647,13.670819,menu
140.06245,-10.9890995,15.113427,menu
125.68727,-90.27827,-6.739678,menu
32.27849,-14.328907,50.636448,menu
61.269516,-36.61754,-0.02327289,menu
32.201447,-54.519535,9.96959,menu
147.41829,-21.79594,-80.61159,menu
225.04463,20.46169,-77.65215,menu
3.291507,50.897762,63.465996,menu
200.5959,78.99169,-122.60135,menu
-19.440157,-70.13223,-52.87772,menu
-6.4955277,118.83379,-49.92338,menu
152.02016,-121.62092,-35.951115,menu
24.615135,-8.030457,-11.628711,menu
19.26092,83.370995,-24.247387,menu
204.71204,19.57825,-120.94436,menu
223.26486,243.40976,-277.01804,menu
4.1702456,-109.71252,-54.1831,menu
155.20193,47.81845,-1.620674,menu
-6.785739,-34.51186,19.890919,menu
36.39754,-121.10263,-25.051735,menu
-21.913595,-55.260292,-14.1244755,menu
30.383514,55.739246,6.5079885,menu
12.207611,-111.0967,48.570915,menu
1.6137418,-68.12084,3.1017082,menu
-137.8375,7.9052486,102.62398,menu
116.49706,49.597633,-111.235794,menu
119.93867,92.452835,66.16049,menu
218.94714,64.809296,-58.767506,menu
76.71739,54.374073,26.83293,menu
198.90146,45.48446,-10.674034,menu
162.567,126.77198,23.11902,menu
56.36681,59.74525,-4.118527,menu
52.139492,96.65661,-22.57924,menu
196.69104,0.6108638,-33.650276,menu
74.39766,114.28986,-94.064285,menu
173.1435,125.14221,-37.506775,menu
38.82783,404.74704,854.0486,menu
-39.19021,-44.108936,5.8416634,menu
81.77354,16.092392,32.164562,menu
55.44244,62.75587,-33.664753,menu
92.12782,-5.9045005,-44.299137,menu
111.06834,-115.596985,-48.15632,menu
-35.066303,11.080284,28.184141,menu
145.49887,88.02889,-106.94044,menu
79.36855,-64.63272,4.041444,menu
91.617325,50.697468,14.396843,menu
41.12061,39.352295,25.775715,menu
9.885824,27.169039,40.356316,menu
35.967422,-36.863346,-21.999044,menu
179.51819,6.539431,-160.4055,menu
125.27078,41.708004,76.85771,menu
32.581474,85.5668,5.326012,menu
83.14158,-95.59332,-14.148721,menu
84.630844,37.240227,-132.74623,menu
132.91364,-10.257751,-151.61482,menu
62.779327,-21.625664,-66.02173,menu
131.6718,-91.64303,-72.53363,menu
141.07387,-81.48908,-119.772125,menu
133.173,-67.97706,-36.88144,menu
155.18208,-43.617283,-1.7964716,menu
23.889507,-18.759487,-64.880066,menu
91.7572,-12.027051,-6.9731207,menu
60.52797,148.42892,-63.24038,menu
27.149397,-59.252777,43.66869,menu
47.374977,-87.379974,-51.09889,menu
127.065994,34.7783,-151.96364,menu
-40.47539,6.660695,-4.8907094,menu
113.018295,-49.73454,11.088165,menu
-16.207872,26.23193,-13.012581,menu
19.98266,2.1277122,-37.479897,menu
113.24568,140.59962,7.974021,menu
88.57809,82.72197,-3.5066922,menu
97.61851,-32.9894,78.70605,menu
93.189064,-54.475346,-24.175968,menu
11.249795,35.305046,7.0575027,menu
216.45422,98.77591,-19.689758,menu
173.72687,-78.02939,-15.065332,menu
31.769972,36.407192,-93.87321,menu
105.5763,9.876726,44.839874,menu
118.092186,7.5874414,-110.055435,menu
-51.45511,-4.2004075,-47.133343,menu
126.59576,101.188324,24.639257,menu
34.672337,-41.996277,-92.79555,menu
32.44149,-50.91581,-52.3789,menu
91.6856,80.58836,101.6872,menu
62.34552,1.8237407,-98.124855,menu
-8.274795,57.425842,-13.968909,menu
-101.7675,771.39764,-769.46356,menu
123.79989,31.051844,17.567308,menu
79.350395,-35.10031,-99.76551,menu
168.61134,-31.736532,-122.21309,menu
72.83346,25.28452,-30.05626,menu
-32.635555,16.372448,-37.411106,menu
100.12419,-70.61498,-89.5422,menu
72.91458,5.2269845,-158.53587,menu
-2.8045056,78.79647,-66.77183,menu
105.63614,-13.295709,-80.00305,menu
39.73574,-34.4072,76.14741,menu
-18.447926,120.6324,33.515007,menu
111.48785,-45.62691,-62.297825,menu
68.25402,108.551315,-52.758614,menu
46.506207,60.73678,-132.23235,menu
210.54346,-31.657984,-98.804886,menu
39.420883,26.590178,-33.71438,menu
20.087183,-84.45038,-28.504599,menu
246.0386,178.99384,242.25711,menu
58.692238,-8.094672,-25.60576,menu
156.91403,7.871988,-115.65044,menu
39.17548,80.01956,-91.33397,menu
80.58586,13.940957,-89.93324,menu
57.869434,37.24318,53.8209,menu
22.548346,51.17302,-22.941969,menu
84.52083,80.15421,-118.472755,menu
60.878296,26.179773,2.3754137,menu
77.457184,-105.81533,-77.80814,menu
157.72917,-60.34505,-84.23152,menu
27.29226,59.724014,-59.204067,menu
67.16679,106.27144,7.22141,menu
43.85117,103.07091,-123.154015,menu
199.16385,-35.36251,-6.7010875,menu
97.345436,-6.997175,-128.17868,menu
31.14293,60.789307,40.741905,menu
103.44381,81.963036,-43.503613,menu
20.718874,-424.11316,224.86978,menu
2.671257,51.786568,26.60599,menu
100.69961,51.71976,52.547863,menu
-16.14579,82.254326,-32.14782,menu
21.601889,100.39773,29.605894,menu
90.92563,60.681423,-34.397713,menu
47.114307,8.511887,-62.751762,menu
-75.23805,99.28411,10.04146,menu
9.082879,-26.594273,-37.221527,menu
138.30046,62.51318,39.143074,menu
51.372276,-67.622826,-18.41963,menu
58.18117,4.541892,58.06728,menu
2.1125925,1.3991071,-21.586338,menu
99.30725,30.082458,-15.3822975,menu
81.12334,133.26134,-26.535646,menu
130.17273,5.044213,-55.8375,menu
-20.786661,119.7276,-13.578608,menu
29.017756,-20.228062,15.56481,menu
-45.68866,63.31098,-19.487463,menu
-10.111676,28.893549,17.246273,menu
